{
    "result" : "OK",
    "data":[
        {
            "tid":0,
            "name":"가방싸기",
            "complete":"false",
            "notice":"true",
            "noticeTime":"2017-11-13, 13:00",
            "deadline":"2017-11-13",
            "note":"",
            "count":1
        },{
            "tid":1,
            "name":"씻기",
            "complete":"true",
            "notice":"true",
            "noticeTime":"2017-11-13, 13:00",
            "deadline":"2017-11-13",
            "note":"",
            "count":2
        }
    ]
}