{
    "result" : "OK",
    "theme":[
        {
            "themeid":0,
            "selected":"true",
            "theme":"airplane"
        },{
            "themeid":1,
            "selected":"false",
            "theme":"mountain"
        },{
            "themeid":2,
            "selected":"false",
            "theme":"house"
        },{
            "themeid":3,
            "selected":"false",
            "theme":"bus"
        },{
            "themeid":4,
            "selected":"false",
            "theme":"tower"
        }
    ],
    "color":[
        {
            "colorid":0,
            "selected":"true",
            "color":"blue"
        },{
            "colorid":1,
            "selected":"false",
            "color":"orange"
        },{
            "colorid":2,
            "selected":"false",
            "color":"purple"
        },{
            "colorid":3,
            "selected":"false",
            "color":"green"
        },{
            "colorid":4,
            "selected":"false",
            "color":"sky"
        }
    ]
}